{"cameraMode":{"drawMode":0,"name":"Shaded","section":"Shading Mode"},"sceneLighting":true,"audioPlay":false,"sceneViewState":{"m_AlwaysRefresh":false,"showFog":true,"showSkybox":true,"showFlares":true,"showImageEffects":true,"showParticleSystems":true,"showVisualEffectGraphs":true,"m_FxEnabled":true},"in2DMode":false,"pivot":{"x":-0.9005117416381836,"y":0.4929165840148926,"z":-0.8915841579437256},"rotation":{"x":0.17332777380943299,"y":0.035418443381786349,"z":-0.006187237333506346,"w":0.9842702150344849},"size":13.373202323913575,"orthographic":true}